{
    "training": {
        "accuracy": [
            0.8166666626930237,
            0.8417646884918213,
            0.8346666693687439,
            0.8529999852180481,
            0.8388235569000244,
            0.8393333554267883,
            0.8533333539962769,
            0.8476470708847046,
            0.8363333344459534,
            0.8556666374206543,
            0.8435294032096863,
            0.8446666598320007,
            0.8586666584014893,
            0.842941164970398,
            0.8486666679382324,
            0.8629999756813049,
            0.8382353186607361,
            0.8526666760444641,
            0.862666666507721,
            0.8505882620811462,
            0.8510000109672546,
            0.8659999966621399,
            0.8523529171943665,
            0.8573333621025085,
            0.8640000224113464,
            0.8576470613479614,
            0.8613333106040955,
            0.8679999709129333,
            0.8576470613479614,
            0.862666666507721,
            0.8706666827201843,
            0.8688235282897949,
            0.8723333477973938,
            0.8743333220481873,
            0.8729411959648132,
            0.8690000176429749,
            0.8806666731834412,
            0.8747059106826782,
            0.8683333396911621,
            0.8773333430290222,
            0.8764705657958984,
            0.8686666488647461,
            0.8799999952316284,
            0.8782352805137634,
            0.8806666731834412,
            0.8806666731834412,
            0.8788235187530518,
            0.887333333492279,
            0.8816666603088379,
            0.8894117474555969,
            0.8769999742507935,
            0.8799999952316284,
            0.8858823776245117,
            0.8836666941642761,
            0.8853333592414856,
            0.8858823776245117,
            0.8880000114440918,
            0.8889999985694885,
            0.8964706063270569,
            0.8926666378974915
        ],
        "loss": [
            0.22597135818998018,
            0.02957609097747242,
            0.02913534772892793,
            0.02929155252377192,
            0.028426680632812135,
            0.02770895231763522,
            0.02771194529036681,
            0.027972387969493865,
            0.025294690936803817,
            0.02717065267264843,
            0.025116492536138086,
            0.024631433298190435,
            0.026549485688408217,
            0.024636739711551104,
            0.02351999812324842,
            0.0252555842200915,
            0.025054823274121566,
            0.02242101507882277,
            0.024430182700355848,
            0.02382541081484626,
            0.02216063165664673,
            0.02391599413752556,
            0.02269556548227282,
            0.0206983439574639,
            0.023335212876399357,
            0.02185675898019005,
            0.020576054193079472,
            0.022748830810189247,
            0.02131297765409245,
            0.02015435161689917,
            0.022221190584202608,
            0.019983044687439413,
            0.01951768491168817,
            0.02224393530189991,
            0.01947754700394238,
            0.018986598735054334,
            0.020530587673187255,
            0.01910727114361875,
            0.01859454911450545,
            0.02099079289038976,
            0.018575907831682878,
            0.018019560215373834,
            0.020607410321633022,
            0.018391389316495727,
            0.017137452714145185,
            0.020239417374134063,
            0.018527814332834062,
            0.017370412985483804,
            0.020383226250608764,
            0.017458030029254803,
            0.017648958032329878,
            0.019321300332744918,
            0.01766601033289643,
            0.017273645594716072,
            0.018829489290714263,
            0.017327393486219294,
            0.015911751265327137,
            0.01858007322748502,
            0.01714389172985273,
            0.016281856345633665
        ]
    },
    "test": {
        "accuracy": [
            0.8464999794960022,
            0.8425000011920929,
            0.8456666767597198,
            0.8464999794960022,
            0.8086666762828827,
            0.8486666679382324,
            0.8480000197887421,
            0.8473333418369293,
            0.8421666622161865,
            0.8471666574478149,
            0.8464999794960022,
            0.8308333158493042,
            0.8398333489894867,
            0.8005000054836273,
            0.8041666746139526,
            0.8231666684150696,
            0.7958333492279053,
            0.8181666433811188,
            0.8481666743755341,
            0.7658333480358124,
            0.8498333394527435,
            0.8463333249092102,
            0.8451666831970215,
            0.8474999964237213,
            0.8403333425521851,
            0.839000016450882,
            0.8349999785423279,
            0.851833313703537,
            0.8541666567325592,
            0.8400000035762787,
            0.8501666784286499,
            0.7878333330154419,
            0.8440000116825104,
            0.8563333451747894,
            0.8533333539962769,
            0.8589999973773956,
            0.8558333218097687,
            0.7306666672229767,
            0.8456666767597198,
            0.8401666581630707,
            0.7430000007152557,
            0.8423333168029785,
            0.8558333516120911,
            0.8563333451747894,
            0.8586666584014893,
            0.8538333475589752,
            0.8533333241939545,
            0.8556666672229767,
            0.8466666638851166,
            0.8401666879653931,
            0.8613333404064178,
            0.8500000238418579,
            0.856333315372467,
            0.8610000014305115,
            0.8613333404064178,
            0.8556666672229767,
            0.8678333163261414,
            0.8585000038146973,
            0.8463333547115326,
            0.856333315372467
        ],